,0,1,2,3,4,5,6,7,8,9,10,11,12,13,14
DB2.158,-0.03429297898927949,0.07068413416769465,0.0230156375452894,0.026725497347072615,0.016300456769630867,-0.01677438638768826,-0.13228627449669453,-0.019273522428884825,-0.0761781484449927,-0.13869449123462874,-0.07383976679353416,-0.03826097860394422,0.023276870029162674,-0.005895202594853747,-0.0829180824465907
DB2.111,0.016969470758505665,-0.03380075306799217,0.1333241126146122,0.06589435534197094,-0.07434405995624369,-0.04226970346351548,0.0309607788870885,-0.029679340536864694,0.011474642216851528,-0.05357330720765518,-0.01810126673653547,0.03184253450713531,-0.02145290149369278,0.02107927140262607,-0.03714859015986059
DB2.156,-0.06855302049406804,-0.11340153276655339,-0.025605741757821526,-0.02185981291479368,0.011124853295914425,0.12933805283868638,0.06225618325161447,0.0475686563365989,-0.17937980969919046,0.04421047866863537,0.03095770664338329,0.013464528255238209,-0.014419312751012117,0.0435648761980117,0.019715128180567216
DB2.143,-0.12702866879243682,-0.08464481702637801,0.05227256852030799,-0.043502047789090816,0.038751416699008424,0.022065212884460717,-0.05033752637472083,0.11938013917404422,0.025627118165879818,-0.02212336300963125,0.011484365933090903,-0.03893795909215428,-0.08666683896468645,-0.03282589475919562,0.10738118492597395
DB2.098,-0.2615699501476861,-0.11455176506787546,-0.034444070471097356,-0.04765267321927032,-0.0176876362579796,0.0886148388451754,0.052025871586557304,0.008717064827915913,-0.005749020144030001,-0.03417796875383197,0.03277712515843807,-0.05252635272750575,-0.10034616683365084,-0.012004594158172347,0.14695989688141303
DB2.164,0.008322810556889429,0.04496915850493596,-0.027305898566225385,0.003320632004725024,-0.00823216329964587,-0.0053708631223803255,-0.06445404400626721,0.06867333236631769,-0.04556447099836392,-0.04878989927137716,-0.04393659557583495,0.005959688128235449,-0.0294029681248881,-0.02278124455991747,-0.056444841681845805
DB2.120,-0.03130617916019067,-0.08713597035902881,-0.0012327209043686467,0.10153921206614455,0.12076090204610862,-0.010388971818791067,-0.024619864413192884,0.01677520339080213,0.046781399330153246,0.006040049783318558,0.05867332547884661,-0.16198695564902238,0.01306919691478758,-0.004947414981163499,0.05625088000397309
DB2.121,-0.0005980537585742349,-0.03802163692672208,-0.014998640160793584,0.029331860529378015,-0.018647543938087218,0.16019485234895062,0.02477280978220778,0.2699158864762805,-0.004485616736731622,-0.02734507372712324,-0.07739414513938293,-0.00694566117946411,-0.02913391475800951,-0.008884073693431162,0.06507672100045248
DB2.128,0.052221112613376204,-0.030005801991749494,0.12884385244917163,0.01640777423238941,0.10400104471501788,-0.0063436289437841875,-0.02456549132796143,0.09306048584555636,-0.0672155196157705,0.09044296927697933,0.04479577284959094,0.006249411564797241,-0.001759088886845194,-0.004908777897327148,-0.07978665953521732
DB2.142,-0.05784108884118509,-0.07172897405910543,0.022551880055936925,-0.009629572846737287,-0.0247188285625146,0.008787686785616367,0.10243934582683908,-0.05953167946811187,-0.046051379763622814,0.034066890823450116,-0.06053320283789108,-0.11243187889772374,0.017412154430234028,0.04449138288834476,-0.009968735035808553
DB2.161,0.060917444096534316,-0.07823040786386762,0.3147720048888536,0.0339518824739978,0.026845269722798326,0.029455424393960504,0.002375710318698774,0.08085509853088892,-0.013623949176226478,-0.029991275419391915,0.06128515625870738,0.009986462174030488,0.0004280977822223112,-0.004007828360773461,-0.0703246183902901
DB2.119,0.02429842015337086,0.00771283239977781,0.020059916613179726,-0.016767748330051156,-0.04136354386130399,-0.03651241807139547,0.2937015880214438,-0.025007126894963365,0.007895228644198761,0.013254042863602619,-0.02214717735931113,0.012098137007874658,-0.011513929297642049,-0.00951464349145802,0.035614058736809506
DB2.103,0.055556260569763594,-0.055876446378162394,-0.04236897174081017,-0.05362535403860509,-0.05819518457826376,-0.022464716350797262,-0.00182005664821639,-0.04687600421496414,0.027649291261479643,0.11455187517623966,-0.03630657492999377,-0.025152063313363747,-0.05196622765031452,-0.18189232537268277,-0.02220397707955358
DB2.101,-0.03685760101179163,-0.11969923828304922,-0.033832539082189965,-0.08113856296108257,-0.027170168952808355,-0.11806565708582999,0.07449047745942325,-0.016340400547088227,-0.09432492633714819,-0.02888718336871116,-0.066857192128999,0.03122578270834774,0.047816122940849484,0.02764958112646423,0.037780596434124625
DB2.172,0.0038692662843393456,-0.13540483859901606,0.004447746203138674,0.04526764769184498,0.007384099459090362,0.028329127609499263,-0.0012688271989573852,-0.07765682460055576,0.01881573646323318,-0.17062131243082837,-0.07416394493707461,0.045711479139443616,-0.0597147980850675,-0.01253355166554856,-0.07481663159210003
DB2.139,-0.0017135222587709785,-0.000829593074080107,0.1507632504317527,-0.01224944473335179,-0.037178445499727285,-0.02466465067886373,-0.006349352220106032,0.010109077329242482,-0.053191484563951764,0.017603782111402434,0.0015953284361663752,-0.21461262747521692,0.04116147319965518,0.08301047293411368,0.06085125015193775
DB2.099,0.0352507526583324,0.0743827326835557,-0.01457480913820768,0.031841387379078004,0.005025214787967911,0.013046407054626044,-0.053793788979338335,-0.03424496230232013,-0.16207831797759958,0.017642388850085254,0.026741881357868046,-0.0015312224938941546,0.005249582186396213,0.027163053583742637,0.04548316375878318
DB2.152,0.04467688038786561,-0.06870437035824968,-0.0314910601462037,-0.06297306421102047,-0.04104073763029706,-0.015647758840307405,-0.009278032348558495,0.05184528639539687,0.030650521731778495,-0.017538915220185494,0.09081306115854675,-0.1556599965587819,0.033893308087856976,-0.20419094994291287,-0.07208086244104103
DB2.082,0.009379931216076144,0.07997158805506296,0.0352385218447387,-0.015238589591947292,-0.0015866007550829648,0.018736321261364715,0.016600675356859034,-0.07721219620729322,0.008151462489466365,0.03521525719574729,-0.04635592314185719,0.033503830077336996,-0.0071201729859016955,-0.007000061899538934,0.006551543576811214
DB2.115,0.08958113621853275,-0.07793793108970307,0.031353261863749496,-0.03936558749524636,-0.11011714144396023,-0.00652730747635146,-0.04504043952161742,-0.06407869258238734,0.0664832704282353,0.06383730209747406,-0.034084122921617103,-0.03686897265453929,-0.051369992611321094,-0.07983746403030643,-0.028817758510847103
DB2.079,0.0333004516371585,-0.04250081115253808,0.11310081157808718,-0.007782248506895942,0.025906447947444677,0.006144584119128514,-0.07584042834395986,0.0467760240047308,0.0221423475096509,0.029471964767766184,-0.010685244963279451,0.04884725873109472,-0.015467419875104268,-0.05741006781050829,-0.10107349018476995
DB2.151,0.029703883071984967,-0.04720250875509034,-0.08451724143179722,-0.019851510992072836,-0.11648737295542318,-0.013716424312981021,-0.08001138393005365,-0.06139581135146662,-0.012001370294466587,0.07218327376626431,-0.08054717514504425,-0.08391309670678397,-0.04926420402742364,-0.08336651575722613,-0.0012819264999060643
DB2.165,-0.06052149305689578,0.02886562118706632,0.0077944658819301006,-0.04540540898096704,0.08465905154139422,0.14164988798267264,0.11341548349606759,-0.06900552640859854,0.06952129844427656,0.01385051834247531,-0.06983666386773742,-0.03216943210772184,-0.05377778943658566,-0.019928825390944774,0.03264666039270547
DB2.136,-0.08902620936767841,-0.002712900184350946,0.17377335403872907,-0.013785571090953422,-0.14063723478639137,-0.058804498456638064,-0.012322103973728477,0.059213790089761666,-0.11187441878732007,0.026415118307484303,-0.05891709214980809,-0.03284042656696243,0.0014824822457529929,-0.15835009862585214,-0.04323075588989631
DB2.070,-0.022101199105690257,0.0720966587834579,0.057039654609260075,-0.007681869795885202,-0.0392105862969496,-0.03523494246043442,0.009071783586869064,-0.03080938433862281,0.017354159332722562,0.00867621881777078,-0.053184105367392674,0.006341479867492964,-0.0007488105658760639,-0.0020729747727023045,-0.0375657935673622
DB2.102,-0.10290325019928993,0.07280811292031396,0.12174865219092516,-0.04757518045741033,0.06649582451415889,-0.055713374963958257,-0.0034004271635575496,0.011056587181599247,-0.09164606526230477,-0.016414903970583577,0.06724452655386326,-0.15129431641349012,0.012138957515213548,0.017964232751529273,0.05405568258994039
DB2.069,0.12688187961962538,-0.1332696386968726,0.0287774231534499,0.019838185079506823,-0.04298072862963538,0.1128997292330025,0.05837128407706968,0.10695384298121371,-0.06081526498864221,-0.018977543847030286,0.059269737484590905,0.007671322747237878,-0.0406309741414061,-0.21686470178951522,-0.041357278460363786
DB2.244,-0.01957532851010169,-0.0815720391248777,0.027376741894106927,0.07800111414841604,-0.27331051642493726,-0.00454899333500208,0.006824735554218569,-0.07179397234917342,-0.001596597708844161,-0.08413811572865276,0.07233180072171581,0.030954966588046803,0.045690467515356444,-0.0943436362763565,-0.002862363268785652
DB2.169,0.009426915293889424,0.04197643926831014,0.09495276846805475,-0.03256495919824248,-0.05729259034631264,-0.00403738356593967,0.031140264287751098,-0.02754690167608542,0.07703378948952856,-0.04428063552496973,-0.09341176767691976,0.02182011110877022,-0.004481601663844861,0.009581542568384838,0.004284593268001725
DB2.147,0.025628714189249183,0.054566694747539744,-0.044631692181276335,-0.037904594271779564,-0.06063809133792543,-0.08842141864735108,-0.005372179562835997,0.08982458899626163,-0.0306509654514195,-0.09309631081139788,-0.04178218072010394,-0.01848893098379233,0.04724048248885817,0.021219522756344315,0.03017652571316344
DB2.091,-0.02314243634877187,0.005245635984310938,-0.06469363911318902,-0.007867563168844145,-0.07917518631814058,-0.029006604311796403,0.015140297770071302,0.017679243075218027,-0.019686069333628164,-0.033503261345893466,-0.10575196079352688,0.007825578189126232,-0.02033902256929244,-0.12020649465395446,-0.010555448880952188
DB2.088,-0.00670773761415928,-0.0892735411350678,-0.074856962781434,0.11057065891514269,0.06718044698610308,0.0015008326891092771,-0.05270265381091056,-0.0044150093435648494,0.0674479803642079,-0.005706071182682443,0.025736472420647298,-0.1813012827432213,-0.019547237384892852,-0.020540341821629185,-0.05553658732284157
DB2.155,-0.03325894256684177,-0.03799811312451154,-0.09483316262489362,0.010103095163050732,-0.0486047813126809,-0.06308932283405044,-0.03559877180882609,-0.03330524088384832,-0.00960066019044627,0.001965223200470209,-0.12980071240035657,-0.009710049691580017,-0.014328493604894329,-0.020862642949170257,0.004018059394100079
DB2.104,-0.15287149710558906,-0.02929710765698936,0.1361791519373492,-0.08428374445903364,0.001888408795452633,-0.12139969100041124,-0.027951730243719792,-0.07749997249907847,0.0004722444671396653,-0.10133103926746163,0.032077196380836004,-0.07336459318926432,-0.031153465972045814,0.007473649466161699,-0.0031877662623506133
DB2.162,0.024068143156690057,-0.06534354736636924,0.059472921402682774,3.683334564066391e-05,0.0023626243658783734,0.04799528463716774,-0.06407925085968534,0.013284914020098529,0.009726319455056422,-0.007723233187176209,-0.036630865327044376,-0.021252512283310702,0.43548807860636357,-0.020766752914409808,0.06308320923659251
DB2.090,0.03681819217078537,0.031394412871106656,0.016376392997672067,0.057801677227249444,0.0001752758862040389,-0.004830320913095862,0.04276191394560098,0.018901431803141154,0.013837145350014369,0.05759454455508616,-0.09505614657334244,0.0601810886812568,-0.021279249865846478,0.016337357755482132,0.27349647081289047
DB2.117,-0.07043626955470358,0.014492528214250039,0.1978312677862546,0.009043842798695672,-0.01809567590819832,-0.015523447681520851,-0.06869125188445538,-0.07314835599299148,0.027713945861351737,-0.026159901289859157,-0.12802084804184027,-0.016720133552278783,0.00885423054897115,0.01968277716173078,-0.011546979500640387
DB2.132,-0.11874133077574646,0.0444141920192811,0.001219684037240727,-0.031318252799983286,-0.03492461381325623,-0.002297764039322513,-0.07490456680921886,0.03704633271151575,0.05370808779963705,-0.009105854643498919,0.08598413389999228,0.06842749178273093,-0.04616388765301386,-0.0405264382320176,-0.024357322624054184
DB2.146,-0.0375397265486642,0.06154638834509525,0.07832372600289661,-0.011885419246752552,-0.08066314440694512,0.00878430187827433,-0.016175737499293283,0.1379866301886493,-0.004847196596726319,-0.050476545469906604,0.11107122336511606,0.012981407790581599,0.023339310261797197,0.03279751785188654,0.12308234332623558
DB2.092,0.009674986653686398,0.014480196062976585,0.0179129086349928,-0.07254870661549774,-0.0765812365307463,-0.12606115884051192,0.025310174102059185,0.04405393034108833,0.0008469038569442028,-0.05876360299608033,-0.03320063243829615,-0.02725468390259702,0.021644387368913755,0.05855765526101818,0.026457397766027225
DB2.149,0.030052876518730377,0.04270825521453078,0.03613141686030193,-0.03333026619247647,-0.06500569333768544,0.08577561241300817,-0.07668436181364692,-0.0395159590260504,-0.08438090647956999,0.0371516443789414,0.09638848256391692,-0.035658651292847086,-0.048157000508758395,0.041410512873039845,-0.0013958256956456041
DB2.123,-0.024380256685920556,0.009728875439766898,-0.0013196758648427436,-0.03733037541415661,0.061031961362266865,0.3013453138356278,0.025044957999928303,-0.042613038315788866,-0.019677847093724287,-0.021890242704968796,-0.02583032447964333,-0.07470508672877714,-0.02200367839744459,0.06998941787951528,-0.04655214220211343
DB2.153,-0.21785035026951116,-0.03449892104256715,0.16420584583999448,0.05082037635594634,-0.04381170632735123,0.03697413217951462,-0.084024973754737,-0.1342155679697137,-0.015704740815811986,-0.0030501854991054817,-0.1155929803481681,-0.017062825678896526,0.0346380112637057,0.00037716570172967827,0.042369021674960976
DB2.166,0.024275307298666424,0.0778650668314302,0.0017535703028043845,-0.05747805777475393,0.05383010818483694,-0.028824515575597103,-0.01740633428720117,0.14084701853513795,-0.018938031431234566,0.02356494576823087,0.05922116068998983,-0.010366804234709795,-0.016271361574477346,-0.0032599095853609234,-0.01191887199745683
DB2.105,-0.07188339930752105,-0.07650789080255134,-0.007635954379076659,-0.04871613389342538,-0.04845166768981406,0.01901140942972994,0.03346461176006471,-0.10546298573328751,-0.08626300367702461,-0.034328698793820646,-0.026237663341320088,-0.00892171633431869,0.3139510104388272,-0.022252451777958364,0.019384728277904457
DB2.129,-0.0006567848148776018,0.08774702004140071,0.007021673998146648,-0.036694629377691974,-0.0013654906436674653,-0.004045035060296237,-0.015276276908322872,0.10124256142330038,0.08592332431146223,-0.13897662398959468,-0.07010464350107694,-0.0012019912460006902,0.13065713418262892,0.0007013297970387517,0.0456748177183653
DB2.144,-0.14047102026589242,0.08306531365580727,-0.021291668463372704,0.03457569878541746,0.008448252216247438,-0.04794757986862044,-0.03212095131470069,0.03401170980646168,-0.029899414194997302,-0.11305317298393858,0.08032744034658629,-0.0035803478376750662,0.1735352458487413,0.04661976945170723,-0.04834973376841691
DB2.087,-0.012049351195602121,-0.04312041366659155,-0.0030495212678160236,-0.08790380077639585,-0.10155841127216882,-0.027660040032789726,0.05757821534307185,-0.07173679473686582,0.16580713140247338,-0.0612684565829243,0.06596188543840471,-0.035278039645319316,0.09322746596515283,0.05990063154783523,-0.03382278109443574
DB2.097,0.023739890685951448,0.02878305398395504,-0.046590219797388144,0.11968642882377004,-0.03131790353704446,-0.006127198495395923,0.009757610369198375,0.1414624911954798,0.10938694312880685,-0.026800771648181433,-0.11405175944721281,-0.00552173168571504,0.1188939309323533,0.05908901587174158,0.03776907582499936
DB2.085,0.03369683070876519,0.06607149230469224,0.0715697044555783,0.01073373072042929,-0.01388181377664568,-0.00760915352447228,-0.020939644239989348,0.012906366888570567,0.034326856052715606,-0.009343299269109685,-0.06551131383025337,0.025561994591010054,0.0025502332100065983,0.01593230464777185,-0.04506224181461652
DB2.167,0.07056323213982896,0.016712848580940447,0.019620774667529692,0.012208281923368704,-0.13516496643327128,0.05014258937424449,-0.04036775965641445,0.01949216377412054,-0.06843114635292837,0.02025552529064565,0.024278723581035947,-0.0017315658473000342,0.00034932819934275285,0.02046720915872438,-0.002173998322812861
DB2.154,-0.03349417890463902,-0.024390661264504062,0.0050843121885888005,0.07478355458557026,-0.004250164568152937,-0.0684950288031819,0.027965874100026003,0.011884999416949243,-0.024869814622448094,0.0033330596106457494,-0.024439121703563438,0.01938214598998636,0.026689195351081354,0.004521642471351547,0.42217083481231615
DB2.080,-0.18109574365860276,-0.08340943106377774,0.01609355492857155,-0.06690443142106058,-0.0024073920159933,-0.08168406403292791,-0.027819807008025575,-0.0252508248883966,-0.05406312846144044,-0.05346793533215509,0.1034765970042412,-0.011986732685238656,-0.058820477450938206,-0.03896106494601954,0.03039208199077326
DB2.078,0.22766958755499578,-0.07352047196242296,0.014809827116106651,-0.06103280143222477,-0.01199244770380426,0.03251409052554485,-0.04702958779314089,0.012215687552758616,0.0020298967260759613,-0.0815915073637688,-0.022081289316744006,-0.017328694654900733,0.017931362824610796,0.046799054633182416,0.11135380466131568
DB2.089,0.015813267757702008,-0.06856513437602546,0.027704117911320165,-0.0039805208058421105,0.019338329821520985,0.27008670646724087,0.019451613389602038,-0.006451433281240589,0.0508985507378156,-0.07155110242090514,0.032436900461344204,0.0970662975378529,0.07572010117461103,0.011203842052029456,-0.02144001378325654
DB2.116,-0.026739351985845653,0.01823472734918463,0.04272945520754291,0.361027016597673,0.003483782633715048,-0.048798342484009626,0.0016307245136590112,-0.03413652989871837,-0.03590990890060055,-0.034486697695187155,0.032140645914043,-0.0062781877477980684,0.008430228075626352,-0.02917789882615602,-0.017333425385007286
DB2.242,0.05487765754377048,0.08340877725471996,-0.013304867939982508,-0.08934901014022266,0.014986788926950573,0.016030697791094093,-0.0061403472119140575,-0.04567574511579188,0.0710550944830848,0.024288846931001834,0.12012605620993513,-0.0951257956630764,0.1209697858872104,0.0034091091954904762,-0.00806505081834598
DB2.245,-0.05367701572167811,-0.028834426847598602,0.11034752974933253,0.050343156729473384,0.009998315248189794,6.441964741283139e-05,-0.011293730636059339,0.019150639617389872,-0.01701218841905397,0.03617919802424959,-0.09976290856420773,-0.014290032658822904,-0.012972186211001041,0.062463971165779605,0.0643525500519414
DB2.114,0.0005435962835921438,-0.02479947949165306,-0.09717583721734974,0.04250664974981941,0.004587342597933717,0.015230649579154714,-0.006171155953237988,0.0898019656098446,-0.021245789734765597,-0.1947122985109604,0.12706254640660658,0.007179039625445056,-0.06106215641079257,0.026117533094432772,-0.05149926814014368
DB2.113,0.0021472403319767767,0.022267739392809686,-0.006393911580564257,-0.024307532693318763,-0.005387608625422488,-0.06831797027531647,0.02752091749188136,0.0006839107028675882,0.02453077917633602,-0.015296792488661776,-0.02233518719033816,0.02512902850970174,-0.04115326514047544,0.030308902738960374,0.24834964942765497
DB2.145,0.05466176273103774,-0.00834512304464748,-0.03683681850605534,-0.012933244962301893,-0.015917198003366346,-0.03203670735430823,-0.011123007710052174,0.05359716438023006,-0.008314238754280136,-0.04292313688171695,-0.016984057398770333,-0.07654137127108317,0.021751528480070757,0.03339971378552381,0.05324526715527649
DB2.134,0.017584916920902516,-0.09343467162645011,-0.0023883621927851787,-0.025302141090784387,-0.054082631745467596,-0.09448836678464709,0.008690732775214781,0.017049846735640486,0.0860883416684051,0.02159630518819126,0.0778659377153049,-0.15198664922991095,-0.01329908933240738,-0.09089140671787665,-0.04122977395986857
DB2.067,-0.006911685764645003,-0.011804494148816227,0.0522974810079918,0.04061354560958432,0.03274206124281833,0.007380043662924771,0.03708463440287283,-0.010140185176874346,-0.13553552883449743,0.1127506009571066,-0.026808916874871806,-0.16521197952190714,0.048728787018886326,0.0023035612438763947,0.0021672124433291216
DB2.096,0.050273345497815196,-0.018594350043859714,0.06271104236433195,-0.03124487556865759,-0.023012649270559352,-0.010657270550416967,0.0010203975511290599,-0.03220874559007282,-0.04901453623640451,0.00938760737838809,-0.022140407039979014,0.004240046684541171,-0.003862561294355741,0.014762987362108942,0.04629906522961823
DB2.171,-0.03307908793126005,0.07822642341129726,0.0852604203396672,0.010459725536918745,-0.11604699268619517,-0.008098518343171317,-0.04269234807109712,0.033444213472100956,0.0031260209771215466,0.057215280338864145,-0.031158790428343172,0.09205582026414501,0.012882356652029163,-0.18975771837830546,0.00696381484721311
DB2.131,-0.00784155174087666,0.040382693230778983,0.007758273230658387,-0.008323872982011609,0.060729015500897626,0.029809840592922174,-0.06427830435090291,0.006205985019306584,0.010778157984320655,-0.028291663669999183,-0.09203513290302957,0.0206864875667809,-0.015131447102300485,-0.0221286260518305,-0.004254039695742952
DB2.141,-0.024187257208522824,-0.005227463055987423,-0.0013442882627902521,-0.029864794535060614,-0.0029736197948503048,0.029153652003180475,0.3291753743654728,-0.01079008249978277,0.010046950018685974,0.006028549520743717,-0.03307226124245827,0.0013946143936658648,0.010411167152523106,-0.03943852904626771,0.04771844293339714
DB2.071,0.034645367392132184,-0.016333929822225195,0.07437590206643706,-0.048669539580558224,-0.07625816294512858,0.09055630570224098,-0.023164055943055536,0.018417900967236753,-0.05721993115783915,0.11402171802847301,0.037325674813212265,-0.022932327345167994,-0.023785560371020552,0.06627638817335409,-0.013357166711168472
DB2.084,-0.041796569992879666,-0.08543736488864848,-0.047587653122948596,-0.08128116690140637,-0.017812373470422537,-0.12130312624634908,0.003641392275230374,0.03779472540088224,0.03445995871815156,-0.03370278790859741,0.03908760745152195,-0.017961202671718884,-0.02831858693945585,-0.01477391357678064,-0.03593367165736965
DB2.126,-0.05746471183374431,0.0438642821214663,-0.01737434659874529,-0.03658611717850263,0.023172723974174057,0.012711866699942832,-0.04801330100242895,-0.06422162608177498,0.03906682219176666,0.006072318019655151,-0.08125597813816056,-0.032362414922855375,-0.031851107285677,0.015447275714004048,0.012198501859343463
DB2.239,0.0667894858623791,0.10859954885365089,0.0527090424256935,-0.046870514311299356,0.026249102592611345,-0.00048281205243339383,-0.0029442011618366006,0.04752298135442223,-0.03521360107494797,-0.061398431162344044,-0.0054393477477615755,0.04864604985488494,0.09024636465225574,-0.014358967083462836,-0.012659239698071314
DB2.168,-0.013694398929177372,0.023259770909111927,-0.04451333051168193,-0.0007440189158943866,-0.07741573061640371,-0.004913923259440842,-0.058806484057864115,-0.08494189365239314,-0.11798222609039341,-0.007660563884256676,0.030554264349711934,0.04116624857444289,0.007267553433555002,0.020360453665280207,0.04999517583416713
DB2.130,0.02182738852188389,-0.08347467824053542,0.048984610400281785,-0.015109897635236336,-0.057561052279128735,0.1651779115217773,-0.044133212479895635,0.021810691260721948,-0.12564827316566865,-0.01698812097306107,0.10259345843806719,0.03676926540927462,-0.04306848606118566,0.061303711766368174,-0.02368239413569357
DB2.124,-0.02217417155325624,-0.032123447354170234,0.012127369153028051,0.028213778917103294,-0.04903959856665783,-0.01944482650931125,-0.04113625530781632,0.09257756855917697,-0.003249811058045391,-0.2268470880450086,0.10847134250473961,0.02500900666368286,-0.03572254262034319,0.0035419261249783414,-0.04273085707651827
DB2.138,-0.010144933161590349,0.03843268397047252,-0.013718438252454739,-0.00113084812286574,-0.0828892553157543,0.03262104150345884,-0.06579334494995023,-0.12365079918684604,-0.0626514396659135,-0.001184476559081832,0.029911064280054907,0.027945707949127395,-0.0067375639437754885,0.03619661639683449,0.03061565674381529
DB2.240,-0.08455286019522226,-0.10847645579808068,-0.022386389700737457,-0.03949771084080392,0.0353201791500764,0.03481881438811609,0.05990543158174811,-0.11358484030334837,-0.024706438786970923,-0.013298717239698537,0.0614677783787469,0.04828733004394644,0.009384886139928704,-0.24369821849985243,0.0760268193618653
DB2.074,-0.0025691491495047976,0.009059812553058566,-0.023698242766931537,0.0033858175883682323,0.007578482952980967,0.01687330896929839,0.31574366384030167,-0.006364503932869056,0.015274680311045865,-0.0024497439237971845,-0.01457070525414476,-0.012130133274495138,-0.0166327499376223,-0.040842633865623236,0.02131253211224121
DB2.073,-0.03358620270155835,-0.03958594494630206,0.10659410427036022,-0.04014706607168653,0.1775185358605509,-0.06625933147827232,0.06483857234225514,0.0764700228720443,0.04015817343999134,-0.026289555065967918,0.12688096699760798,-0.03881738733540989,0.009397629672946172,-0.18792969255967235,-0.04684206556975626
DB2.150,-0.05718417397905559,0.061522827875503415,0.09847648631088683,0.08533277153912333,0.0258350659372406,0.05399035909610373,-0.05965481636536323,0.02809195712924565,0.03113660416012801,0.015327458531704346,-0.12410611044204553,-0.047266153680667146,0.008734584051307961,0.02358264633234441,0.003841269917740679
DB2.157,-0.16269704641429866,0.003702345893275106,0.1316712516541119,-0.07214322056951457,0.05704062068811548,-0.06224102640674032,-0.06669421786505296,-0.09961947733807335,0.027944184297479937,-0.10799251394088598,-0.004450647622564322,-0.07401033920285696,-0.019382828036446736,0.014126197014481196,-0.0076979994639931135
DB2.109,-0.1491830735962913,0.054780572198241076,-0.0020373412586257946,-0.002270431340734779,0.0017900459074991792,0.019592230715898856,-0.04129110024766772,0.07804113890606297,0.00512778509684709,0.02896181727959883,0.1185191845867452,0.03937560923504586,0.017357340696390867,0.040082217233175205,-0.03643702526293673
DB2.241,0.01703311775236275,-0.048166612058118695,-0.0007210535228684334,-0.11076508191525741,0.02695362193874606,0.0018251757519851556,-0.05940335796626759,-0.03763882457770118,0.06231945190636347,-0.006386600141377643,0.004423144611970945,-0.13569239459398416,0.13326329712594392,0.04334378525216492,-0.024276167381542865
DB2.110,0.133972087397514,-0.050952970620481854,0.010348627174882389,0.0069000354985581415,-0.00580603011415513,0.010801007569860783,-0.03951238744974153,-0.06216654523664824,-0.08871075529306005,-0.20964051995826727,0.08885003206854909,-0.11009683046535425,0.00656453150836524,-0.021411651534976407,0.21779820235072153
DB2.095,-0.11662863947544652,0.10839880193651061,-0.023862967090184414,0.000881684410370959,-0.020172994684558958,0.03346508869194933,-0.04806613714200462,0.08049762852039849,-0.015850110654943274,-0.041105228326643345,0.08479666332155894,0.06373908713652644,0.08982389216566217,0.016755776261455163,-0.03840930663652943
DB2.072,-0.019694680388961296,-0.009633170512387136,-0.11468243719880565,0.015942945301147243,0.06474628113142204,-0.054767399905172494,0.01931945437060058,-0.025516610144670118,-0.1181710573342217,0.01476869997026903,-0.06480718468053488,-0.00835071596516593,0.029165024557287884,-0.056784373057304556,0.0010624892089953432
DB2.081,0.07197195878139041,0.06465511721929516,0.015985543467157186,0.0016365454350955276,0.06892502162124653,0.021944787004263173,-0.013764733869865065,-0.03850907590568919,-0.01053661465180918,-0.03321378732929474,-0.010807219244027779,0.04238843600054212,-0.017548149523882887,0.01021239564980525,-0.07321713303676267
DB2.108,0.03616396329651826,0.054444178750547884,0.02575549072895601,-0.05151357714908147,-0.0483850418829376,-0.08153312161755086,0.014868513413482427,0.04377207799597745,-0.05322267739720766,-0.07035802694022687,-0.04513660539126845,0.0010516401454633614,0.031908596085541995,0.027574893019454143,0.033850979978561097
DB2.127,0.03792296127717208,0.04600898559360456,0.1131860771159082,-0.04016166039668224,0.009672091231205769,-0.006125933940810485,0.03911279629655082,-0.10674121437247792,-0.002682424216420773,-0.05047222181425871,-0.04075535800581543,0.013670468530481223,-0.06091583928913361,0.04328860056024682,0.0003200563542545694
DB2.076,0.002301076170888107,-0.007304893704237634,0.0068173883566615195,0.14011639806703588,-0.22693403412957994,-0.0921509584843919,0.08985611263226932,-0.018539729879826362,0.04986759676332175,0.05141472006240839,0.08810091241712102,0.03035810880293913,-0.008680503672257658,0.04448711176424867,0.046933014466975814
DB2.077,0.010510508896678903,-0.04758551587417581,-0.057584035910864216,-0.020981225425020202,0.014606218439191097,-0.03757399462505294,0.02453915653456502,-0.034402717067907575,0.004913366204945683,0.0954226560019173,0.058143242617933896,0.13020881516379404,0.020752055090860012,0.02210914822256311,0.015003484676028876
DB2.163,0.043940832328899476,-0.10723609877203497,-0.027917226324653467,0.30313660620211014,0.04804362635157948,0.06490592973796686,-0.04823696979840455,0.05134982155837954,0.02294966066435993,-0.02533101104310543,-0.03950141099453411,-0.21558642789361643,0.02797932961297988,-0.025284990895464717,0.06576798982864511
DB2.086,-0.010397637904449539,-0.004591452938125337,0.008260953748879361,-0.02931744202228494,0.00398059256858236,-0.016043148558547687,-0.031045323271688744,0.22988530410520105,-0.03371024939872546,0.005804534497070039,0.0350828717947881,-0.03384684790797362,-0.04515799805272375,0.03335050208267556,0.05119624454869402
DB2.140,0.05521495639541495,-0.015064551398366452,0.012552142829338687,0.017546699374573288,-0.03547299494585949,0.07414790575799192,-0.0268968769024347,0.0013343419581728938,0.028292723804064352,-0.17366366857415796,-0.1090866765549962,0.04767254610720622,-0.024531335325681785,0.0003486195855746327,-0.01950939112007798
DB2.094,-0.026160094839607455,-0.10138830602282496,0.0004698169534399827,-0.057297512874746874,0.029875642940531754,-0.1069548931086484,-0.08203175000953833,0.00033924613276787327,-0.005925932921403348,-0.03657894502133093,-0.051593976685122424,0.02865161170467958,0.04405383398597303,0.03231911886114344,-0.05473284036481457
DB2.100,-0.03336642060083174,-0.15010742495456647,-0.01707179833078065,-0.023624193429213458,-0.11933559072036748,-0.117120755655411,-0.02182740961767878,0.016446215244574913,-0.081496524155587,-0.1067091319691082,-0.09831710858587912,0.03087129526017043,0.016495914786517806,0.030610494875826493,-0.01507109376675001
DB2.160,-0.07375086771518498,-0.027960791070808108,0.023804353615484355,-0.000125364162675267,-0.024079887095940816,-0.037813913935892,-0.037740747392747236,-0.0352109209422505,-0.009884507301655238,0.015102295821834526,-0.09512556306414863,-0.00958700018920897,0.02090825511474218,0.07342995263749179,-0.064066974546116
DB2.125,-0.07766361784734373,-0.05817442448007598,-0.06900834422718616,-0.006090685489035016,-0.03475273299966217,0.037343168738061115,-0.008750195185435704,-0.0403219055794235,0.15124416653418607,0.014565924571525406,0.09219718600312841,-0.05292511067703916,0.14197105491995227,-0.0010610054921785777,-0.03675305924241738
DB2.068,-0.02895412656674046,-0.09052220905563041,-0.05001746714050326,-0.09912710642899578,-0.027121688837885054,-0.12525182281243438,0.041661762863819896,-0.013482214329137519,0.0025717225879966533,-0.09777881052343453,0.0037313338116126593,0.006916616582405866,-0.00659294415583503,0.08267728853858619,-0.055423377675980816
DB2.122,-0.039438379243252705,0.06634420750313424,0.019437937899896503,-0.006441633366769142,0.03893421717790571,-0.0008375680199424496,0.043387589766895454,-0.044654829474277326,-0.023825947967855723,0.07144576980431992,-0.08954372478261685,-0.012475380668975323,0.017184516567416343,-0.16677213796153423,0.0315775778941882
DB2.118,-0.02590144175223167,-0.07256862425467817,0.04613485271560497,-0.020956775853847857,0.05598920908999723,0.0520846751547037,0.10947723257281321,-0.0549094552988436,-0.09419820110259039,-0.22564015955184274,0.013388651942298484,0.04363214220742606,-0.02153323000566973,0.026944021170485905,-0.041353680308169445
DB2.083,-0.01828136205481441,0.09176184614293777,-0.020680753925280765,0.21249496223871328,0.036880295909380946,0.03186746993784038,0.011906258381324523,-0.0027784623316942703,-0.015549491728156162,-0.12670162004643548,0.08224183608009722,0.013505744293623844,-0.018776841624935734,-0.015479866117523578,-0.09577096492425635
DB2.170,-0.010874346246854485,-0.040345009314947236,-0.0026641454254631297,-0.0063297719659803405,-0.0011590518129525268,-0.07070629896092592,-0.03458037335784105,-0.006317357382015878,-0.05190626345967547,-0.014791030296679929,-0.06240451899029611,0.009933866889761844,0.011737413437493157,0.04276549658989693,-0.07899965704594984
DB2.135,0.004219871452787643,-0.07323245831472344,0.10471632754381999,0.01743321614805109,0.007471283364324184,-0.07169021047511312,-0.03154986470642634,-0.05280996300284613,0.03480778275730724,-0.03619549833755283,0.04793462289784748,0.1370111129446964,0.03906979079237862,-0.10085453559847685,-0.06329025161522177
DB3.084,0.011210182637241958,0.017778384093331955,-0.02994721617235184,0.02605746005547322,-0.03975824775613778,0.043634353565897004,-0.05622104790646122,-0.01566144763822521,0.0007537462132849971,0.06862465518275326,0.0963417523782882,-0.08920094192385909,-0.06001512282343627,0.026691971655273077,0.03615836185993239
DB3.009,0.05180553121828903,-0.10130869187634013,0.050426707686670326,-0.014155595335471392,0.05226866993315083,0.021493610043641663,-0.023496323451961936,0.01138137673674542,0.08257513889412285,0.005348021071014586,-0.07253835486369052,0.09787109279246621,-0.009388043273191218,-0.02021521302984046,0.04504146508836408
DB3.087,-0.0064573591522489775,-0.055400470470815685,-0.06786133239487013,-0.008614465628524972,0.042997248475093314,-0.042004958642327804,-0.044094710675784604,0.02891562246703431,0.031795961775503465,0.07918554874933831,-0.0719647249509561,0.03668846582804858,-0.0130495267147201,0.029077279255984145,-0.052529868381423366
DB3.264,-0.049379460676269415,0.009111748407332766,-0.005071740533936547,-0.014865912038365134,-0.035916272629104205,0.013933162861712757,0.036520023292976496,0.13224009922868013,-0.10415772637021262,0.1199472545006388,-0.016612550603775398,-0.0014410802586752325,-0.047250171455569,0.006218731920005675,-0.05425291432835169
DB3.013,-0.01179208316787891,-0.06715401111169392,-0.07634127716464133,-0.06781572788650103,-0.09474128755487941,-0.025831004291070978,-0.03466422449706258,-0.003340508215082975,0.07938858589249294,0.04321893670805384,0.0630653658040448,-0.04431126612359972,-0.026078400497561303,-0.07947487900099208,-0.021312698396943358
DB3.006,-0.004788918118496533,0.052328245916737744,-0.016804284076625663,0.01749175955814635,-0.059797804607206,0.021872867865551468,-0.03535807065391087,0.018419979236954896,-0.009832560886578716,-0.006755775379735979,0.04084082559411541,0.1316948390003206,-0.025439597566444934,0.024246257126825,-0.07000509199361546
DB3.232,-0.012500989871395212,0.034654460783710095,-0.11542270097003664,0.05633810551630176,-0.02996205703828199,-0.014985187241423541,-0.03939910686786667,-0.09576031766784208,-0.06556314771063866,-0.012839477456254989,0.03458843052890849,-0.015531309771744809,0.002259731420474492,-0.017341131561205505,0.03065641256173181
DB3.068,0.025345159697776724,0.004224374543551297,-0.030946450476462727,-0.014695523549564759,-0.03189868046406805,0.025736345798439374,-0.05852643836415157,0.05962704080425597,0.03175966786722961,0.042006239757050166,-0.10261937773996281,0.029214820838223902,-0.07785110040902292,0.05127651049982466,-0.012551388308530892
DB3.108,0.02947158184685496,-0.07296664260789329,0.10942810308524951,-0.007597369963336127,0.07500203963061604,-0.05837212977071437,0.0475620691702648,-0.03293162107140903,0.02072415479064013,0.03230155591786543,0.0024295242523837647,0.046242426000755774,-0.016941767163241146,0.04859135253801757,-0.08455779978355098
DB3.046,-0.05665054199177657,0.04439443013307378,-0.0262677713611404,-0.0713775148621047,0.052597609911280485,0.02460174371360553,-0.02341926398540618,-0.034702814078184235,0.06487832441867608,-0.018480379090863332,-0.0512633277373969,-0.026355792853257533,-0.05987391828093256,0.010550483416504206,0.06267075686270275
DB3.015,-0.040038484171239015,0.031611767609892275,-0.029497540764933352,-0.060998864445234016,0.02715613285861532,0.022323187104330938,0.018767521736300086,-0.06540126641359098,0.036547689232982836,0.018481287543441558,-0.051798291127270905,-0.018806701477823703,-0.0660164488880128,0.026656248102220885,0.03224082366537819
DB3.104,-0.06910825042652509,0.018192429096911496,-0.009973711779915259,0.046887084322335175,-0.004362980250057213,0.016968362464637475,0.03656500406469835,0.015751413418088642,-0.08369294707510509,0.09342644017991808,0.007509793979521037,0.005130533229721598,-0.025842412923542356,0.07705029709639363,-0.04487622462195996
DB3.044,0.03028679721273816,0.006322916387288908,-0.11726611348771789,-0.018096479726656952,-0.0172064880531562,-0.041056200070346216,0.03621803301569171,-0.04284628622950836,-0.1549833358249422,-0.06762800425407765,-0.001444888522517233,-0.058537385289704966,-0.021023077476862627,0.007076539451465114,-0.02207596142221838
DB3.018,-0.04265121865252871,0.01387562210147922,0.01709443663960253,-0.05487966202799528,-0.03232511267909308,0.018203843369983787,-0.02318134577634371,0.0715412156197597,0.09607550482550611,-0.018424444762215685,0.030741430655758153,0.06881895680815626,-0.044798830919500966,0.0008877108551146408,0.031900703467665
DB3.054,0.044571102125304546,-0.047087188854513365,0.028102975839517798,0.045307104737528095,0.04006423279989664,-0.01320894828965443,-0.006070491850875361,-0.0038386667701713205,0.10312322347536283,0.04402549828788526,0.005049809737318638,0.09537541466500549,-0.02959615861364782,0.03903439538109135,-0.015341825446541333
DB3.030,0.006197201990164847,-0.05430185510519147,-0.04301783298977401,-0.03051825783507592,0.05946068206968149,0.006539389271302211,-0.059784513446864106,-0.06973066904311825,0.003929387254651183,0.030748628635726978,0.06273621066797348,0.1423182165441095,-0.01120390785468017,0.06423687703955072,0.09089638432339252
DB3.011,-0.05092688942540079,0.06994305530547912,-0.03960656447921552,0.03745454165199746,0.030071540969372174,-0.024948260400342395,0.025817086352817355,-0.03276693685054522,-0.05989219589986554,-0.0034071358793215244,-0.09191151310725108,-0.03084293125330299,0.010602429581046404,-0.2740609888113223,0.035041419024535655
DB3.238,-0.02183207948569226,0.05748861007595314,0.01910961663404638,0.010379839704668528,-0.04850583002899937,0.03672443918363704,0.007181495370776634,0.04968289023817465,0.03826003966821384,0.0038101318030473678,0.06256685636863869,0.08676979712041748,0.011074956287936035,-0.16480097100908936,0.0846625723667195
DB3.061,-0.055074785961625176,0.019625402057111573,0.027221811882067896,0.00994949337205245,-0.024437254923307526,0.020802752239586896,-0.022405162686904352,-0.04816801599235964,0.0660956231460884,0.04893677322908712,-0.05788837620777912,0.025802644929744913,-0.02428128541959359,0.059495465896110614,0.04028290071275741
DB3.070,-0.014699120725065889,0.08321847386641319,0.007763424839102892,0.0009336114699316476,0.020307410783799464,-0.050613038036707435,-0.0004644995128348972,-0.011312594127210222,-0.029726918567807972,0.037522267196703915,-0.03679394145620799,-0.010459560872580199,0.009597367975576863,-0.001500501947333948,-0.02806698205852696
DB3.092,0.012609790013723036,-0.023826391922737302,-0.0007324518536991063,-0.046290815662598864,-0.086597128214836,-0.13060030159035352,0.1067480370940351,0.02275279095752246,-0.04417785735836726,0.05051547335113125,-0.041751035427400524,0.010625124017575673,0.03281224224325985,0.1429013541342771,-0.0704644861604463
DB3.066,-0.0013146822568334978,0.014980331953961791,-0.03408174284019844,0.006136820284262893,0.039215732269603766,0.031712246026306644,0.010812750428170231,-0.04205390344461705,-0.010059411370168431,0.02587398806560081,-0.07094255152363337,-0.005397057338955955,-0.033037489000398705,0.04935240344500718,-0.05347408006067587
DB3.074,-0.050812144015094055,0.030524143264747807,-0.08701393261900096,-0.05757930518257255,-0.044401215899557686,-0.03231546406718469,-0.023846169534813666,-0.034194280734294744,0.002015667929047661,0.04686523057894231,0.09952411434093685,-0.02383871359256168,-0.007000842373291849,-0.0760172118576041,-0.010172983292917135
DB3.049,0.03743419135137641,-0.014500206010163792,0.10121057047665727,-0.036243904848187875,0.025598894162636613,-0.0005524738310024297,-0.005085342377432435,-0.03990701192146625,-0.023608794133533433,0.0028307895190650633,-0.05154834869928236,-0.05529038715497288,0.0266408434339229,0.05042772307849224,0.03598833107504141
DB3.055,0.034028376874620986,0.040467966283131485,-0.006081235247002359,-0.02748148295564926,-0.03574893784591181,-0.05008911828021277,0.2043646886792896,-0.020095626316992774,-0.0011849925990554953,0.017602140636832745,0.0068793612606249865,0.0012817479124000212,-0.010810932754113172,0.03763112804510346,-0.02228043883018203
DB3.021,0.03908609819528627,-0.05040210001950619,0.03886402172678279,-0.029897909184173645,0.031292479092878016,-0.05064327206459331,0.0261474090545072,-0.05464376451188353,-0.05080204281074966,-0.054820489888557505,-0.020381298386075202,0.04256098503460716,-0.013852960330254925,0.060552906148686865,-0.07359967897237826
DB3.088,-0.03675433436248483,-0.10876462404798867,-0.10325269039976434,0.07622058372892421,-0.010734082037677428,0.01289961279543531,-0.02510413063019612,0.004277591844398163,0.17833255528555483,0.09221491240776326,0.042401924108312825,-0.08344331963420959,0.12155254229397969,0.014633581813345179,0.003440579995867261
DB3.082,0.04910681854229927,0.031013281957344138,0.09031724446487957,-0.024141173380249594,0.11970869959336292,0.007966493227839487,-0.0005628391160343749,-0.00164207488648359,-0.044050267159961694,0.08793562680693717,0.024777461593629525,0.03023051744937113,-0.005892806405195302,0.002836787295507217,-0.024626458696254547
DB3.014,-0.03402163388677323,0.048722285777203514,0.06782758383791052,-0.045922335504988435,0.007656645061928938,-0.060247234694560774,0.011344629087962022,-0.008615791740462406,0.015619815834300398,-0.007638322898363914,-0.018640331950384333,-0.02330815127857094,-0.007694188489674658,0.01034847397797014,-0.050920314921962355
DB3.041,0.09117660603667707,-0.002996579887475308,0.037100106904397134,-0.01623673542633464,-0.003868058839196948,0.01718695258509276,-0.004163431755529841,-0.01660827258721399,0.06124456260272887,0.04917296475244356,-0.006402714829388007,0.00568051833294395,0.23320447209945055,0.015122540484361872,-0.022836209625638745
DB3.094,-0.04206046524166119,0.06469036177938252,-0.0005392808760037115,-0.034152411582236704,0.009844625842986803,0.017002717439765853,-0.025187723169773652,0.069565620723218,0.05795659392647368,0.02112930764522245,0.08602906792357962,0.051576378700086266,-0.02075247435759097,-0.030264974681866334,-0.0023049193108187257
DB3.251,-0.003750888188450476,0.08906169587887415,0.014465886289154344,0.03647386277669557,-0.011627701883158374,0.011379015008174575,-0.010728955249295914,-0.04463842442907439,0.013704145266406804,-0.020237772785976823,-0.11571184311951592,0.003911929620369867,-0.004590616225339497,-0.22634371392735966,-0.02285477648602675
DB3.234,0.08084422360936193,-0.018721550930495417,0.029638887733942493,0.002046937232783999,0.1135098345053139,-0.026605780082836178,-0.04567667333551981,0.024946921797454117,-0.05977556840001044,-0.04897023084156999,0.03747995323598158,0.02939983589040773,0.006807687850896009,0.00238764942330529,-0.00927122515486987
DB3.028,0.05319179529999152,0.07184659877994339,0.012979717639129529,0.019734859626618653,-0.08048658638599687,0.03079829616997463,-0.058587328666692175,-0.0809834507571354,-0.08602901670115254,0.011322808591247785,0.04847083488581401,0.018151938421845693,-0.00242390707812246,0.06105757089338782,0.013046068101299158
DB3.077,-0.011563008807953188,0.06202443658542008,-0.018772271712904454,-0.011496444888851093,0.01536838833452249,-0.04213766125001545,0.0068421155093246625,-0.0297376059513517,-0.023491535953151583,0.09165163298299733,0.005266255818373043,0.055107221479927526,0.013585181054623786,0.031524521168555864,-0.025959147698955316
DB3.036,-0.024358344397507115,-0.14953477786468317,-0.01831618367867793,-0.016566657587268087,0.00026902835341898005,0.19714914291716532,-0.011199850028467464,0.009704800438287111,-0.06864142497935104,0.05504660999416851,0.053614149236944665,0.016255850680122905,-0.05643570787535105,0.026476046528503473,0.010245432751328616
DB3.053,0.02322080298767598,-0.04330324858759018,-0.0575591726724614,0.12546768384778892,0.04029676985698056,-0.015479550599639283,0.024694088223941663,0.020889674535148166,0.0573931768782578,-0.003862564857977196,0.04227588478812152,-0.20139807771118814,-0.0045823364917942835,0.0021849856012184925,-0.013108360818928811
DB3.065,0.08448449938729861,0.03325526103423108,0.046667315772797195,-0.02795906108804827,0.06018902943028489,-0.0625479653265608,0.06697868810919158,0.03867487245346994,0.07287632515646426,-0.036176942221799034,0.026241756996026412,0.010773440341304555,-0.00620251798976844,0.023369397393370475,-0.022974722435219516
DB3.095,0.18720483181774597,0.004946092018447183,-0.009241469753098258,-0.03310887454078651,0.10283018941217882,-0.006683861703073978,-0.056390307216531474,-0.05466559939537595,-0.03614901749595785,-0.02045716251056806,0.07412657137620945,-0.06704183388955426,-0.0011227527719340766,-0.007391353299979438,0.09392563775300072
DB3.019,-0.011768213238721719,-0.10217393162629768,0.022134496564455375,0.07982494666732486,0.053971817649088434,0.004159329817172287,-0.05274045152234666,0.02322440727789797,0.15485137562163342,-0.0002383137209940783,0.02582669858507041,0.09071473445611035,-0.038883648881152255,0.024953712225353947,0.018125656916871548
DB3.263,-0.013828089074179099,0.02468882115862453,0.027564071458837856,0.0010409293680364738,0.008033608783041567,0.03625670618631888,-0.05711710456297693,0.27011618166678086,-0.006195341414592376,0.031386113729275744,-0.0020662732690146196,0.002496736248433244,0.0038031424705982776,0.03653152349224755,0.07071058429530516
DB3.265,0.027897850876659424,-0.060992506101511634,-0.07838592312548505,0.07369702434092117,0.07725372746578606,-0.0011592225034756727,0.04906882507922932,-0.00046497084144772957,-0.05113988966002648,-0.058207142736635825,0.013095589576529976,0.029618880556457797,-0.02580015168889837,0.030668033513934483,-0.13131183771138566
DB3.235,-0.01245065061375984,-0.027390920024224236,-0.046603691848548026,-0.013035792341708331,0.07051813906113524,-0.0011424820839169313,-0.030490316572223352,-0.037079626381743114,0.08227073628713723,0.011847264970452586,-0.07024054489406137,0.005732148477178818,-0.03725901955647528,-0.1657638485754611,0.01976149582548781
DB3.062,0.004166125728950898,-0.06741668373795251,-0.006493739610022845,0.040415398485715515,0.062169677256052124,0.04133162859059417,-0.03074090496280795,-0.017342698114532606,0.07370450011736145,-0.05320231880454248,0.05867588462156905,0.1359634813335239,-0.0165398632559133,0.057602843973204546,-0.018430140062770634
DB3.023,0.057783722055398966,-0.11933780504513194,-0.01725199445598977,0.023303331226345838,0.10864410193639379,-0.037844009766372165,-0.021111505055022323,0.06473854223616626,0.04930390239468656,0.05492661484739375,-0.0826764322589425,0.046663721459698736,0.02790796684411479,-0.015852447618911768,0.0019131138940868188
DB3.052,0.07047897100925492,0.036008930944823984,-0.04807143880676127,-0.01119358697658236,0.014775028299890481,0.08197125860417463,-0.029939847622312058,-0.13999915467893367,-0.10102539787405462,-0.0727438745998735,0.05989880881273143,-0.008045260339305908,-0.025552347377329324,0.009986882042508829,0.04841130854628336
DB3.110,0.039409019182014865,-0.015382621776108307,0.05013761671098988,0.10596203450464194,-0.087456076538314,-0.037097580325714204,0.06558039175743949,-0.03390731322840681,0.11395993020347345,0.05003136443789291,0.04348431030194652,0.027455898798041962,-0.015624676134341119,0.037340151457468135,0.004189027837571663
DB3.106,-0.004699638374701206,0.0590275006519114,-0.12279310260476976,-0.010973758263087035,0.031662291431965243,-0.00468508034279187,-0.06152074899439917,-0.01560991382309402,0.0638614507058132,0.04940775892311532,-0.06524809579674677,-0.0029816447262436697,-0.056845304633930456,-0.007751291479312527,0.005824635027147245
DB3.007,-0.0023939614818703062,-0.09101517480866236,-0.022761109202659117,-0.019453682414715182,0.06281780816504584,-0.0021115931532966156,-0.06714945134912649,-0.09896051136960902,0.00532777904265484,0.012170564858481742,0.06289211412365119,0.14670274833907396,-0.03254285847465371,0.05943949380059462,0.09022626184734354
DB3.042,0.03582970451542322,0.0531105538607642,-0.003489389258919255,-0.07511569131046893,-0.012507143624243848,-0.065572071066629,0.06709502026360141,-0.01892211247512261,0.034231679031233836,-0.019834374015430107,0.007954244364684252,0.01597428264123818,-0.04395402328696963,0.07553275284871616,0.05988189804060599
DB3.033,0.018461572980336186,0.08598067303774831,0.0067804326051019775,0.0029221082692990033,-0.0296464102270255,0.03628109689293645,0.004660710891768832,-0.003433605672033078,0.0947921731508418,-0.04961160762817531,-0.08419410929372664,0.040997531486103043,-0.000997906823313301,0.025831883948897728,-0.05295301272415727
DB3.005,-0.021503179240181712,0.06268023993175352,0.023964316503593732,-0.010558554590447345,0.0223547461826724,0.03242813497372786,-0.03808739136597529,-0.05040581367855372,0.03691026188458887,0.05757936468680878,0.04875019600605298,-0.1961805708065754,-0.06326814430969305,0.032905375906611356,-0.00023000229359086192
DB3.059,-0.0541580333557186,-0.16769793639543334,0.008164852122632234,-0.03608915318800609,0.005768422563587798,-0.04027074959958098,-0.05680659953536807,-0.04890213571194182,0.06398741085329004,0.03347924195276385,-0.11247207816902957,0.06196914767056728,-0.03220557229643304,0.05660848502434836,-0.006807122506125561
DB3.056,0.01596543720643318,0.04858301581171626,0.02002412487506027,-0.024002213596879773,-0.0427339019068137,0.006694084107227561,0.00563468151110463,-0.07206939371092178,0.05247770802285532,0.021191689867601792,0.02903211609171506,-0.19402241895039754,-0.0477284031513805,0.04466841782541889,0.010631890266010087
DB3.080,-0.017033679594996413,-0.03146185108313991,-0.029317860625799056,-0.007394007320328554,0.025363738086756557,-0.019823544782738907,-0.003377904840410873,-0.010793487637117629,-0.01097065106034218,0.09379984749368082,-0.024783487610202725,0.023061345984206418,0.22486033442476502,0.03303274630814851,-0.0006578545223350607
DB3.008,0.19836682050287513,-0.1024690720314037,-0.022335346230357194,0.014114023211323561,-0.029602160638487036,-0.02906160603840484,-0.02243559666691783,0.024593045054729708,0.013953338928814875,-0.01558914770004651,-0.03766122242028232,-0.056761644221823546,0.04309473849042105,0.036597328359922424,-0.03721486119029658
DB3.039,0.023305536213869115,-0.0089128107247655,0.045991696185188585,-0.018305158208403966,-0.013009965238894961,0.004416927901728767,-0.036190998065879075,0.20945807435015673,0.03308697571305321,-0.024935723937130522,-0.015948316045489467,0.011761947905184427,-0.029384865381885446,0.0275501999778474,0.09987140001830835
DB3.045,0.002552346928116842,-0.05559017067593647,-0.17098796175346917,0.012846106250924978,0.04560652688830091,0.04469690880652012,0.10304615048640663,0.025091139993471796,-0.12306283409487806,-0.1920712254771813,-0.0851768987073449,0.01774588754680206,-0.0037140533563635738,-0.04615215275954089,0.006212993724266361
DB3.218,-0.02113461519141278,0.08049606289146626,-0.05329161907549122,-0.006985963695029576,0.04205786565855577,0.003963059865078878,-0.01869974634574733,-0.04177129987440339,0.022520560743578315,-0.06327010593757267,0.11142176107542498,0.02871388441681976,-0.002541170696698019,-0.10190858114640346,0.07326301409263933
DB3.103,-0.026599797193919344,0.08575058571395573,0.05780820775261615,-0.02641167014047341,0.022686065240800316,-0.009220139056368133,0.07345732742412492,-0.027863305118093804,0.09099006261221124,-0.08640322689106218,0.033713199200523104,-0.06498972641506667,-0.07519922767434518,0.01809696137324305,-0.09615220704906628
DB3.004,-0.0025095623192774937,-0.012667835845527562,-0.08366703756714491,-0.07215216770067483,0.01798502723507342,0.004817641350281497,0.02282781059308101,-0.03412635877557723,0.0929671325947814,0.05966923879794974,0.07858890112813433,0.007215399014917503,0.06596769049368599,0.05480764586035938,-0.050161640868615666
DB3.109,0.04100493192080515,0.05493436356922463,-0.010271946090703867,0.050987323356489124,-0.033475717805184484,0.06104600404646207,-0.04852713998503189,-0.12318034973618049,0.02007229727384533,0.0885125294808803,0.006025924124715777,0.013636952456828978,-0.08250025327700608,0.01775784016024953,0.10778259677756317
DB3.040,0.008298801762432178,0.04527282427788029,0.015056388684253455,0.28942376849305185,-0.03067763408540813,-0.07664299647145414,0.020355802467427,-0.02194817096346802,-0.010044668249063434,-0.03460967338910044,0.050308305084747026,0.004312370234021103,-0.02872851223279488,0.0246840812887987,-0.010647723044054017
DB3.051,0.013059847216559374,0.05176160215694174,-0.013464449578634383,-0.044623513273380856,0.0185518138663764,-0.09120466794207621,0.0455145630502193,0.07213759464041586,0.019840602680861304,-0.03267692246792117,0.0399825628865228,-0.008222226170029203,-0.014441848641100766,0.03424960601396293,-0.023487022399832958
DB3.057,0.013767974721632832,-0.054902389625560315,0.14552128817666002,0.015409070208499217,0.17883260944546073,0.02169434712809402,0.02535077565645293,-0.006566008633720347,-0.040815759324335954,0.08898499665285621,0.04279079666624731,0.014632685241790643,-0.0005827340918177569,-0.018086046310855163,-0.02229837096694556
DB3.037,-0.025814604635802377,0.022445868758006367,-0.034316756872260906,-0.0790383015743633,-0.1832715188368221,0.29877500193616485,0.030564285027412576,0.031071948045134332,0.080666702706785,-0.05548313075122061,0.025763244228243228,0.044066675181753605,0.0691437399581637,0.025748174587605702,-0.05649242986594575
DB3.071,0.013070172455233748,0.01671510835833344,-0.01687594576417827,0.0035251014285582723,-0.0011149525912536797,0.016102393423448446,0.2555579439965753,0.0003970093349639303,0.005945180400991248,0.017162715391831035,-0.015324803487980189,0.012739902204833613,-0.012578063613838342,0.03153448629578648,-0.018875319337219993
DB3.237,0.0178977615272495,-0.05703130870829986,-0.0023870323552386426,0.012347108910442096,0.039862253460845105,0.011959183004582518,-0.03984503311563935,-0.048118436606738695,-0.12273532889931864,-0.023984675110302472,0.10421301422129496,0.08892333336408931,0.021895674938758065,0.05006955531232649,-0.002741668914588194
DB3.098,-0.06436468016084904,-0.026042685359658847,-0.010761608721049046,0.32240683293625166,-0.01935628030674846,-0.01595273577988847,-0.052630051966324205,-0.019697772815350137,0.01852003651479534,0.028143293978217607,-0.03816177520075716,0.008834327234711881,-0.027603960019646996,0.03340625795944098,0.013576612313274736
DB3.078,0.052112400000047514,0.11939751431428341,-0.04693513781168858,-0.01952964107650894,0.02969266468028164,0.05227209775341186,-0.0036953865284735776,0.07313716951799377,0.10095587539951179,-0.03791572482419543,-0.05685568589964552,0.014306834909000934,0.05002056766289762,0.018038674510049757,-0.002225585295079978
DB3.083,0.026026692921011795,0.047665701098149084,0.019701447429788885,0.07944257852705722,-0.07332590029802426,0.031196414784239023,-0.028469123224562933,-0.01109728540036154,-0.017296901919224457,0.08571212936493079,0.06253273555810299,0.029570499648801662,-0.03474992163552587,0.04481090437775725,-0.01908392408199071
DB3.230,-0.02737631387478445,-0.026411588804505358,-0.07526504770552458,-0.04443146229069778,-0.03148906685730947,0.020289609302938553,-0.12282990392284897,-0.0810570449216109,-0.0687734217299792,-0.019023288157589788,-0.04346588841385577,-0.0014545091453084088,-0.05754260548666542,0.024236491300233465,0.07690101454184098
DB3.016,0.036204547865212655,0.06740689477727839,-0.03906575023190816,0.0020867005241460646,-0.006489792138981346,-0.03324432473882207,-0.037723543615937306,-0.03554513527125618,-0.09226256031656314,-0.015536343189551985,-0.03589399618024042,-0.004552240508230034,-0.02814779638956732,0.011680115053455762,-0.06302720699497097
DB3.216,0.046485602069946313,-0.03291013656874668,0.029929571706498542,-0.015573433434280247,-0.011152647369447276,0.014686914577222984,-0.0095944559522287,-0.04246830178451623,-0.022264188670869954,-0.08652632508805866,-0.004501006240477505,0.13369664275115709,0.019830237440978248,-0.06349630244529808,0.008805868631564653
DB3.010,-0.025939374688433135,0.013918451084747874,-0.13131009252055345,-0.03701841908442607,0.02596848635512497,-0.09154964065704319,-0.03165711564322312,0.10313802866953581,-0.042718301680864004,-0.04198578833226725,0.02098804344885672,-0.02165539239953955,-0.012260742967087403,0.015063806902138198,-0.037981442794138745
DB3.090,0.02118616604898672,0.021170731858816776,-0.11589230383252457,0.026511138168864867,-0.005107146541047069,0.009908404865438173,-0.0307315639055948,0.009562965694938932,-0.004613950830252805,0.00818650887168369,-0.08400318509407462,0.005177385518579841,-0.042523290445275565,0.023372067935956153,-0.0712834888083106
DB3.048,-0.10778195715990875,0.07248593746237814,-0.03556348049122008,0.0405587002737062,0.004851771213992868,-0.002812836986284152,-0.005728923055146495,0.013101880931586712,0.01929634352692983,0.06707700162117108,0.07476089730267742,0.05247034446201279,0.057937295582216546,0.04528928781671472,-0.026127818457421157
DB3.073,-0.020455316766293096,0.017115966271983654,-0.13474893011067865,-0.03404259497672323,0.02456198056555254,-0.0690547123732399,-0.03976840414279094,0.09062895505937221,-0.0234583551874464,0.01646089770766426,-0.020002330412706645,0.008486584632885947,0.0012220049196245896,0.007786795303320524,-0.024491597230440858
DB3.250,-0.06293208362755112,0.07041611445073073,0.04299317578248659,-0.054232209735792694,0.014623095484310955,-0.0029124331394045867,0.005366240704979146,0.0609663678937697,0.03298504773076649,-0.047153781253352914,0.08133591481314936,-0.057311406785342474,-0.0951559766089794,-0.0064614107895049865,-0.09814245235901128
DB3.027,0.02460309517514516,0.09000749243981719,0.014171089410320786,-0.025012225865302534,-0.02588760323671722,0.015347132001094138,-0.03618502149153972,-0.0776646977014116,0.006263467550262437,0.04270597112333488,-0.05254575044902196,0.015581773429569961,-0.02389707076165782,-0.01831411682953535,-0.010544647899050297
DB3.034,0.10536626848353162,-0.0017593603516566827,0.04218676321429838,-0.01822399374604746,-0.02418788002899394,-0.02523032282049122,0.03862461595091828,0.06221457729155203,0.108297524097905,-0.14079298889391467,-0.03433500994101861,0.036290389914553293,-0.008396208076384429,0.02969712714459312,-0.012439809437110837
DB3.091,-0.027991073938660967,0.10246951009160812,-0.05687608250338853,-0.05035878091109477,-0.0019998293446978213,0.23171422015660229,0.033365107088212796,-0.06611567716684878,0.013245448282052397,-0.025956860012681906,0.0030588794194208154,0.01741970278311723,0.11325364289348305,0.019814790204855198,-0.037553876127882614
DB3.236,0.0655746263235916,-0.022591671631636424,0.011184791188208856,0.10917775436027978,-0.035664253005557534,-0.0019222431227129588,-0.0037998072347003075,-0.07587122306364683,-0.0534577947954165,0.050528782622446075,0.07813874478234928,0.007243147178400811,0.009310776572263773,-0.005255009018709451,0.06893109473117173
DB3.064,0.030094621304324134,0.08057431624183799,-0.07128002444509557,-0.03790029524978278,0.07499295013799435,-0.06892532134007161,0.039373494294214384,0.05196825521273258,0.0031737147895365084,0.030848642788264595,0.003142467268398219,-0.0012626580437659668,0.022503610401632106,0.008916736463172838,0.19831867710952372
DB3.060,-0.09828323324717675,0.029950969682520878,0.09608016988818248,-0.049429301567639986,0.058203644418025495,-0.004209087973871477,0.0003460159331881633,-0.10356391255464338,0.1114729480879025,-0.0744987593929823,0.047027712191423564,-0.05257604351660654,-0.10611711178047897,0.057876388913745504,0.03625786161979432
DB3.024,0.043114945244138315,0.09902816178506219,0.03682724536494813,0.049172371133265357,0.023213548240825707,-0.009364710650429802,-0.029230059204767702,-0.0077627200500709915,0.019606322939563988,-0.013972382206756078,-0.0569062627816188,0.008711425558485968,-0.011380179511083414,-0.0008529133038214759,-0.050058809566398896
DB3.017,-0.04435737006726943,-0.03433114639453548,0.005232619767073537,-0.06175981357384932,0.032205674384942075,0.05382787956829583,-0.006105198677381692,0.10540428776564109,0.056802410966327335,-0.010373319403075879,-0.025777170681614905,0.011959987211725786,-0.07797870516058183,0.0022854085045233064,0.10679346537413527
DB3.096,0.030305193683531184,-0.03397175945339045,0.027013083144440724,-0.05568102558654642,0.09887744384359029,0.012961582813573654,-0.035225954228601156,-0.059654318534843515,0.0734367736422384,0.052936306832513436,-0.02686065262987629,0.060506329634763954,-0.03126385956382708,-0.10677435865284636,-0.032550008703614866
DB3.003,0.021477526167213386,0.029518701800112804,-0.011232379707986384,0.17762754684951967,-0.07279739233635187,-0.04251204179674949,0.052309943012745476,-0.030957343174448586,0.026656504721407383,-0.012883808137639346,0.006953623395773714,0.027323148894493516,-0.02772148482327072,0.07134598392682295,-0.07095398356240562
DB3.076,-0.028243165720693974,0.031738344120848215,-0.021980038784469948,-0.01385620020915923,0.028436522326653307,0.003823807409555755,-0.033419361899366125,0.18681028059418764,-0.04899952146240764,0.04267051895220212,0.0318629938806259,-0.041170416529230314,-0.033377701845189574,-0.021075904133835584,4.629689437322408e-06
DB3.047,0.02869978039304755,0.013348548492020532,0.0381473222567547,-0.030643351605177945,0.09757478665729694,-0.03747907856482297,0.022043619919945266,0.018316558283172198,-0.2475598182072037,-0.020720597812736618,0.05076816913094506,0.013114379076407235,0.019937634848902965,0.08429854167131492,-0.03692837971260751
DB3.043,0.015686921522653163,-0.042503705465367574,-0.02866529780337702,-0.04262092390574907,-0.1219925121705621,-0.027857714281553717,-0.022040731989299185,-0.011521413135248753,0.07319504744774724,0.03113712341680868,0.09097137368995899,-0.04770129287393245,0.006664016935674469,-0.0679297086629901,-0.013674115373680181
DB3.012,-0.03747325534517579,0.07440983620771377,-0.050704751549134806,-0.0541666026878732,0.04409188151462565,0.027063978626889185,0.03531962199741862,0.02195116858655985,0.15317186486948442,-0.06457866967919573,-0.035637004608603536,-0.028415512950221638,0.0021060305251074337,0.009718133262278349,-0.008504783502201947
DB3.226,0.04770758881543343,0.08431333759960592,-0.06284663854433062,0.03528715657137795,0.04665273635580731,0.028629909841485602,-0.020186659196430607,-0.02387310031762964,0.010096355973474634,-0.06708755958743294,-0.0837063337048499,0.01571026094028232,-0.03361242250188142,-0.2159819231728513,0.0015821132354361602
DB3.097,-0.07310584145329588,-0.10230979467999114,-0.019107949915755314,0.0039591770585640776,0.13656657050626383,0.02058180667461673,0.018852864603588784,0.01910151404762992,-0.01157055036618348,0.11804578696280552,-0.06303749501790527,0.009005292709083158,0.02728800149064232,0.03711784430282107,-0.030875866429651268
DB3.219,-0.007272175705042018,-0.05355294477776759,-0.02279009769537989,0.0069756561679479865,0.0487265069549292,-0.0003014510237034021,-0.03639884980647747,0.008095180801548984,-0.009188848246289363,0.0006411051499051765,-0.11028544669730865,0.012105000480196238,0.005338420262173782,-0.039773845166168074,0.002076741129537306
DB3.089,0.03124988494708721,-0.03593014877195091,0.022918331454642525,0.10774506727052185,0.08961430072718947,-0.07148216364363978,0.03135198743013841,0.05073078008066638,0.16716629359010043,-0.0037088535947354694,0.04445692413769156,-0.012216705019796995,-0.05265625229379552,0.02475056807121155,-0.0011072825459628656
DB3.105,0.04495235176688351,-0.08839917184592072,-5.244948580244746e-05,-0.043491485383163137,-0.06806604578236851,-0.06132765036111213,0.030859618628163783,0.010881759193367316,-0.03139088545461493,0.16269818733042202,0.09688379460081768,0.030410133963732308,-0.0010799964392513804,-0.14861439767051193,-0.07916511990563085
DB3.058,0.009756723281221596,-0.04535740126253814,-0.01954376010874832,-0.05212627434188296,0.06130944293684492,0.009965021608810604,-0.04717640500564732,-0.0741859935067664,0.06872331675034676,-0.004689955514490169,0.08354095707852166,0.13209240950260384,-0.04612286587153814,0.06613997056673768,0.07940526015105179
DB3.050,0.07743445320977682,-0.06712615906632047,0.07863393508547002,-0.036555518975145064,-0.18607397650834614,0.02425122037088952,-0.02799252043948262,0.10697872071311039,0.013497643568627185,0.051335473756912275,-0.04266439386810004,-0.011937597229078434,-0.07222935009253464,0.03447266183045264,-0.01235021808093832
DB3.215,-0.03682722199966085,-0.09081484448288332,-0.010209614694280436,0.05754284249482523,-0.02832701374822084,-0.017904077346714474,0.03239095179564077,-0.013443488675950369,-0.01872081803102803,0.09908016208444938,0.09640632342658377,0.14847285167342722,0.01891963704578399,-0.05911199807198792,0.03264157465555915
DB3.069,-0.0694774597028631,-0.0807632993098752,-0.09374945369201425,-0.01268126503194375,-0.0535392584803808,0.03371263810730063,0.06415915411869133,0.030927326349842625,-0.04136468512420749,-0.023193666533686874,-0.07789643318996062,0.007450373573331868,-0.09327869271088292,0.05622739600561308,0.021954472998190526
DB3.223,0.07811378203409779,0.003458779640838994,0.011635621900881767,0.05843569828357655,-0.006151070110678379,-0.020553227121791123,0.008852695461934202,-0.06872229028278229,0.020921199799024005,-0.02901665624012538,0.11153734346438643,0.022036058288908224,-0.007758864540628622,-0.03855599187257912,-0.024702965741573636
DB3.093,0.10504211734939466,0.02695454994737789,-0.02141910960583764,0.05365088203021274,-0.02156994816189932,0.026730572128540745,-0.0003854213717334993,-0.02145520375095544,0.04768938490037423,0.03957928216467464,-0.0108099971560921,-0.0600462398311904,-0.04791106324556236,0.04481885694450896,-0.029462376014367714
DB3.001,0.021273805286501885,0.031221441079534392,-0.01743204251004307,-0.0017360712565906444,0.023330646420344325,0.040480826803916924,0.29550819833791087,-0.006827016785096062,-0.03735847774146529,-0.047395710335373445,0.004371786027436045,0.017591555780132037,0.003631742184916814,-0.024499083995299754,-0.009076917588179538
DB3.212,0.03189732732110101,-0.004618560583890721,-0.020959738221491688,0.028108178877778885,0.02775922106498485,-0.03224487026612095,-0.0008430140265509212,-0.0328426043724158,-0.03209916265632413,0.04674988165705673,0.09261880835397279,0.17788222391904998,0.05062564461567472,0.0015480049458702705,0.040819106107622294
DB3.229,0.00805811622012914,0.037648529374715335,-0.03196554132651745,-0.0034680848365394945,0.018793905439980683,-0.01089226168392857,-0.05624756310449429,-0.023177675020796498,-0.0434683125126734,0.03701283170232008,-0.0833392397183248,0.010539811220913412,-0.02361762000513193,-0.11024952394743537,-0.003603017693356442
DB3.020,-0.05417217393431439,-0.0496393863243028,-0.13465580460766444,0.015863229650239563,0.008767824988812763,0.014079166766156963,-0.024755960196307936,0.007511895787653275,0.02377988306823823,0.023963585157066723,-0.13286681034878975,-0.008793505820090062,-0.0065549466863698115,0.04705673794982296,-0.05043078694170197
DB3.101,0.026648221332208778,0.020879233704192056,-0.04859430063130082,0.010690978446886325,-0.13641130687553482,-0.01695337521411482,0.08902744985670102,0.049862752834326236,0.022477995830474787,0.02750887590909075,-0.05446957289080229,0.011001204753892138,-0.0763046314797594,0.035912429414163886,-0.07887140003125676
DB3.231,0.04709813197449851,-0.06444797337316642,0.052539324240102485,-0.05709585556890298,0.028653308536095295,0.023679063906728838,-0.006633405561139237,-0.042967492908990254,0.08644415915599082,0.014970170696138636,-0.06344552494284333,0.09295438256177663,-0.07033710046850343,0.055468833515125354,0.04143844588077296
DB3.025,0.040890444299984174,0.03371779643953675,-0.0239702885561995,0.027895343398746515,0.03195832772535216,-0.012795454914865664,0.009818620321753884,0.007486077818717445,0.0452611048818224,-0.05556335794788451,0.016346125490170966,0.02700071001665727,-0.03044107024481285,-0.02131083922774399,-0.017053522628409944
DB3.067,0.033505413845371604,-0.10578639848453632,-0.14250111183413303,-0.01593923115477981,0.10241521152750693,0.0011905993488695815,-0.052388547929298604,-0.040789487235952535,0.0034616853883245925,-0.03318848134841889,0.059556907299790206,-0.10930479814376007,-0.04401707449185589,0.007946217881065266,-0.06827168678495753
DB3.029,-0.10580456477686118,0.06326031908486468,-0.0982701790541777,-0.012876461744336732,-0.05406747894487905,0.0143724065713022,0.026113561486261306,-0.02007413764284443,0.011145153036392456,-0.022376982852098045,0.016763855465534657,0.06679026994524591,0.05851696990799016,0.03374262852419217,-0.06947175424470856
DB3.022,-0.019707014491943963,0.05944236911829137,0.032228425149123545,0.010235717915647447,0.03499193603643913,0.014181057960733765,-0.01884000387243162,-0.043029515299027106,0.01553879104759371,0.05068948142602577,-0.054969911530390846,-0.008087931177883456,-0.04774353145238259,0.01923598528703594,-0.07059089680184727
DB3.269,-0.009422635585979498,0.0024811538288754226,0.07949621475425268,0.03223482133694005,0.015574704432047587,-0.006496858136417157,0.09667849075673758,0.004847968402106218,0.007018025619674652,0.05266665030220896,-0.025973444100991186,-0.011227407344739935,-0.05988673601757039,0.09772205047161114,-0.07454900707365775
DB3.026,0.2163339278129986,-0.0066725331998802335,0.0162085485456636,-0.044226221704206814,-0.044018974430727914,-0.014879884712320057,0.033372507201434164,-0.03201472806723767,-0.009291716468269007,-0.02839075303058552,0.00976500351838822,-0.007325643317022932,-0.010887030050955529,0.06152190449677603,0.059601203941394794
DB3.072,0.02983143839416783,0.0932459906304396,-0.008191909036101312,0.0677340288906677,0.0341554014729096,-0.013270685110094457,-0.028521359921601014,0.009776682081228654,0.026785578816382823,-0.03391822050056203,-0.06430907327976727,-0.016880740183771042,-0.011506471026073335,-0.035650827635477424,-0.0011266243429676195
DB3.032,0.10858871007732347,-0.04054328656033457,0.020727207456942152,-0.05942598525427022,-0.2134518733849882,-0.017147291037852373,-0.03958781552078928,0.05415976638224515,-0.050145499904662855,0.07749523929597017,-0.02342421364031737,-0.045515678425777584,-0.05291183988848586,-0.033869079305674774,-0.033269953158681274
DB3.038,0.013018457095624391,-0.021290828286964842,-0.07949107388515814,0.0029455503491971386,-0.030400122949070373,0.005709855957330432,0.03615044028715709,-0.03112051981699425,0.13575067901005347,0.057658298884338294,0.04120766863235905,-0.04954246395295654,0.09015404747056908,0.05860324103233391,-0.06600230134987344
DB3.031,-0.08784225999817066,0.04137711311219612,-0.01956549366454163,-0.01586492927122796,-0.046325109669721816,0.012690794371439298,-0.06693899682746797,0.05738932264659015,0.08529181202012863,0.010205306060136608,0.07748137645352647,0.08466325282933726,-0.019736470662251936,-0.05253693861682387,-0.009381952521489498
DB3.099,0.01230293350467997,0.08558711563349264,-0.06562697428510596,-0.008545958981465833,0.06459505005957629,-0.06250964425115461,0.013222691783098713,0.02933769281628846,0.010558997089787766,0.04702489101098449,0.026258750192629434,0.021913550358744545,-3.3075547398591452e-06,-0.02509923175259061,0.1795018183488857
DB3.102,-0.08403353893670436,-0.029988644343635486,-0.001177169748980567,0.0898465502122224,0.0563926034705048,0.05162301855394605,0.22654265458513456,0.023105920599335965,-0.04433601858685962,0.0756840746469935,-0.025000809192595865,-0.059773421043664544,-0.04659780496600343,0.03590888422240892,-0.019376354421848336
DB3.100,0.020123775639218074,0.11210983501774775,-0.01422019879650532,-0.03231570930448981,0.015164141650677051,0.04558507061437103,-0.01117511279504565,-0.11217472733153112,0.030224898658985255,0.017463778582806105,0.12243271052957606,-0.018295375510602483,-0.06604529621349127,0.009347859187656609,0.042812504850453584
DB3.075,-0.006906000677586824,-0.07739379695638168,-0.047615169911269135,0.01436162650367316,-0.025001126265713058,0.09951691833597445,-0.005170140361956982,-0.0012121908545030952,-0.020469433232141565,0.09517161732500241,0.019826431813226648,0.023930276338139385,-0.047017634999303316,0.059966757608593886,-0.009181674246892157
DB3.079,0.045922934977383596,-0.07445633455831363,-0.0743346919204951,0.020984809444364632,0.12985938514370818,-0.024056025111126624,-0.03258551703864783,-0.021372014029608425,-0.05741966871263588,-0.050944912194344855,-0.016122241297156826,0.06049548406987544,-0.008951541917664084,-0.013377890538786193,-0.07791237072623447
DB4.240,-0.0027399960441666974,0.08891358601853008,0.03020967985840721,0.0017081662857448526,0.013647875386657533,0.00880640700773004,-0.026956139083258484,-0.09791376837678749,-0.03716566892832717,0.0008249525307708393,-0.026493538826678757,0.0349718259053873,-0.02168313856967069,-0.041886629492755185,0.0007368799589807997
DB4.248,0.00902109668352682,0.050050428877528384,-0.06532702310236115,-0.028888740532103756,0.014432992581088197,-0.07338442388425868,0.00221779981292282,0.03606897949576729,-0.05649528245451006,0.08628069588689113,-0.05096796622533193,0.02435763299801235,0.03489056918069009,0.015322219180216451,-0.016718648103376848
DB4.249,0.007551294988798308,0.006567760010926142,0.0008114578906927917,-0.007571634262705625,-0.11267865487179063,-0.02071858685631758,0.014962729215969542,-0.01675551144176926,0.02020007094201297,0.05969190817850665,0.034989707479535066,-0.020960000325625533,-0.04574217021827577,0.0509189198433189,0.003980917802070623
DB4.252,-0.043368013778287876,0.014791520784524245,-0.051443398392207094,0.008908270730507173,-0.040809168910404564,-0.04543570519278768,-0.053859731661847786,0.0013198595650725248,-0.01812837619937345,0.03768950142604228,-0.04862756008117178,0.057895519522074834,0.0465082545185243,0.0242436179591692,-0.0034747950924888674
DB4.250,0.002931464289716581,0.050783088439561815,0.01548924096003892,0.042652820590211964,-0.04281205745346039,0.02462123152539803,-0.044052083348673624,0.0014492076125258476,-0.048639774554174495,0.09525543999558696,0.050391130999903375,0.05454211279825823,0.011763858069077635,0.020800713773309852,0.03499215704095652
DB4.255,0.017664475825478324,0.07762156731974224,-0.019755212401420207,-0.028094464569954354,0.01344772038364715,-0.033157527228371585,-0.03612107116944009,0.017553923288646467,-0.06274792571843878,0.038618793786889934,-0.03697126579513488,0.008648658402883062,0.0030151961883398562,-0.023481594978925522,-0.04032689341649105
DB4.260,-0.011948306635823573,0.07509209648244639,0.012334479069844575,-0.05243241888322914,0.02541597643667911,-0.05526646744922529,0.017999342688798273,-0.028273439187959784,0.03429493657601024,-0.008738372338582817,0.00042401535454309196,-0.00930674436361479,-0.02995733139204646,0.02877281771031522,0.0574012379123651
DB4.246,-0.06162685155359541,0.06744303193673112,-0.03287189619758951,-0.03466482436567025,0.015455844187449674,-0.023387595034966072,0.005801020671302049,0.007904526448705401,-0.021033461855058364,0.06177818595885943,0.09916327721386595,0.03199965841521622,-0.05057277011335777,0.033381062187912806,-0.029361767459225994
DB4.238,-0.01837221798083813,0.10113643354180446,-0.010874352355485497,-0.014841303111113946,0.02053725105140617,-0.03901395533410307,0.023773914592339587,0.008869360142640193,-0.025794410632029065,0.05683789665520943,0.0802363215771472,0.05271030554656259,0.0007266243937262007,-0.00861988643684232,-0.027801595273419664
DB4.271,-0.036397252669338555,-0.05953426634358335,0.09271543355959713,0.013111528277998514,0.1502389353433467,0.010662869766475137,0.023539111160142824,0.005215501061817204,-0.023076633866148385,0.09719261481928958,-0.023483332349382834,0.0086196079229036,-0.0016043485932905374,0.024181381355012615,-0.034295010770499956
DB4.258,0.07156898684093367,0.10151287075068863,-0.021656105074227164,-0.014707292168115376,-0.022652080438556644,-0.02954939366821966,-0.07615784810334661,0.024537093266423612,0.014338416530334632,-0.09725727093638023,-0.01743503388607136,0.00871646595345607,-0.06537647950445816,-0.030783975954695727,-0.03834146644478938
DB4.241,-0.02229589842620867,0.07987530162403024,-0.021401418712089563,-0.03560869334803882,0.04629590189293561,-0.042561835776840196,0.014127052026978242,-0.017994350727848513,0.02483019322960896,0.024580704852213028,0.023251432747621415,-0.03005559598472738,-0.04952484413665824,0.022185087688266568,-0.02601693460808061
DB4.259,0.01906096403053596,0.020203371904430355,0.025052188324148673,0.013355193753099194,0.062015960689813555,-0.003102815436457161,0.014101989752571868,0.0074486604526379134,0.012091114019315511,0.046595586903246416,-0.028559556054781953,0.021960658324393416,0.23313829785633963,-0.0026379469884840077,-0.008394378301477701
DB4.257,0.03022339786027522,0.027274792026426197,-0.0738664626495822,0.008957270553013425,0.0023493291785298904,-0.01457607905641263,0.024265487928014223,-0.024760208041305465,-0.036466146618737046,-0.02349401959238451,-0.06958457134736122,0.010262680121585531,-0.020575446448476056,-0.005704174424483799,-0.00986957658208033
DB4.262,0.16848612788430725,0.011219561687361636,-0.019021966988139773,-0.03886155519006438,0.09417670576100613,-0.03789884951003023,-0.017076283456425614,-0.015173869587872835,-0.015596784624339683,0.005856323649197705,0.0875687135265438,-0.04905999873170504,0.0019096729831364545,0.011699091727633242,0.07415604436490811
DB4.237,0.051813922917112766,-0.06202834271171756,-0.03621891039194811,-0.04596318093706028,0.06560389412430767,-0.03724568602948836,-0.05777798835900755,0.008258843035966542,0.04868077978165991,0.05380131854664125,-0.05732623077617318,0.08773364646351602,-0.00992786344976531,0.02287668982781294,-0.039755040692214465
DB4.261,0.11574519434897897,0.06336691469629262,-0.005878746730632622,-0.011295129961702571,-0.017608835254821553,0.058497561339612335,-0.022680306165261246,-0.058661624391364464,0.0036042971489733673,0.06433349260987006,-0.019569901442242993,-0.09691187020599704,-0.02418409393635871,0.02500262207075644,-0.03695004918303087
DB4.243,0.05117463883090108,-0.05617377368195655,-0.09870044635622664,-0.0713404415243734,0.06067863906648148,-0.016704608635403035,-0.06570119657043083,-0.057341453457596885,-0.007723981165329334,0.010242593665683444,0.06178488384600925,-0.09765863433983542,-0.03132980838952471,0.025327078775514374,-0.06148680582009002
DB4.270,-0.15937993313842166,0.05074309984590006,-0.10581526973969622,0.10335002375077529,0.023110450059816573,-0.027690039566243503,0.00239337597425449,0.01381874544548997,0.026936172784419305,0.02480268564710995,0.07620451297850117,0.013811798954069417,0.07692331403883493,0.03501643447712218,-0.007474398858174871
DB4.247,-0.08469667221510772,-0.07369295032971461,-0.05265692298096453,-0.05567990775463883,-0.031885915694109555,0.018959154041562502,-0.10732138076199749,0.07157178659655744,-0.06364337499898466,0.06484994877702512,-0.09836346890814125,-0.016969129004367832,-0.054212511505709854,0.1030276746560592,0.0009615857395773724
DB4.242,-0.043197853574891865,0.03267370588847759,-0.06808024137450483,0.0019006708877992117,0.024326280536210013,-0.0037351102018520145,0.0065242519213762964,0.05586245925681797,-0.16802432701776343,0.02137239740555452,-0.027000620097223375,-0.018125823409869908,0.018735015099500922,0.010251249286934522,-0.08674793339052378
DB4.239,0.06876138134928027,0.0669277875848547,-0.04255808635391836,-0.017375088594329024,0.056007190651859336,0.008531127128546177,-0.02526880454176159,-0.01659717379847663,0.027752355379099543,0.029763528632252716,-0.057733232144694856,0.041904021532545806,-0.027332612760193657,-0.014853439448562263,-0.017933270622357417
DB4.263,0.044840914253747075,0.02031704704519182,0.09237357076438715,-0.03330295883527258,0.05084303769762858,-0.02397698606520273,0.024951540229640922,0.05564242126553711,-0.07341352523401262,0.1129342040779929,0.05009666061219545,0.03804348346678464,-0.01877497959529453,-0.1404140903337752,-0.05248213838295485
DB4.251,0.04349986091514213,0.07600109649837226,0.0096085165362203,-0.06563800043340261,-0.015491215399238286,-0.00788269627779584,-0.013576591459960725,-0.04840950342493596,0.0017584994035379437,0.04478957861499795,0.03558518661810105,-0.12481268048842306,-0.01969755671842973,0.03653165398214652,-0.0108243116925646
DB4.253,0.05566180890649494,0.02854172906618526,-0.04241060446523873,-0.03457961060839617,0.06986071841067171,-0.05079265256048457,0.02437667690706518,0.08519468095768376,0.011000613263313063,0.05756078857165381,0.01972459544932709,0.041411154876839364,-0.0003142728275638738,0.012383169148147018,-0.0005311650763703031
DB4.244,0.028340777535826898,0.09561683458581655,-0.006038911011089741,0.11028211687411696,0.039114158531566114,-0.003960647626229432,-0.030024779565863812,-0.019950394681571244,-0.026592646536388088,0.018893308222606715,0.024092874292556767,0.04675907651561417,-0.0016040033199822771,0.012363204593646504,-0.009046999468756147
DB4.245,0.017971288210376038,0.032929684371688056,0.01609429197518593,-0.030369724307764575,0.027509041489486442,-0.026289604143384167,0.0080734468219301,0.005124252586157636,-0.04481331481596069,0.05350177581540909,-0.009949938757809093,0.013631753466770948,0.2482985357866165,0.01602881744066154,-0.0044978030205801685
DB4.266,0.012725392466163585,0.052890613793874476,0.011833617226110192,-0.05445376771650208,0.0014862523516115396,0.31119047801781796,-0.0014345054876970873,0.05274382748142574,-0.031079894308382434,-0.0034012591344167505,-0.06477886072574161,-0.07254074511242718,0.050932073192396614,-0.06335897646520841,-0.022336057826564268
